{"_runtime":173.3585454,"Reconstructed GOMs":{"width":1500,"height":500,"_type":"image-file","sha256":"a60c23a3640ba18098bf1406ce6957a8146de66bb9c251a3166c426e8e9023fd","size":17701,"path":"media/images/Reconstructed GOMs_5050_a60c23a3640ba18098bf.png","format":"png"},"_timestamp":1.7403245370606e+09,"_step":5050,"losses/train":0.20159870386123657,"validation/loss":0.47678386330604555,"train/loss":0.20159870386123657,"losses/val":0.47678386330604555,"_wandb":{"runtime":178}}