{"train/loss":1019.5668334960938,"_timestamp":1.740174558682859e+09,"_runtime":28.942303,"_step":1011,"validation/loss":1043.9629542032878,"Reconstructed GOMs":{"width":1500,"height":500,"_type":"image-file","sha256":"dc6126b78a2a65f3708fbf38b2bf222847999817b6ef08f898e45c14d0397b95","size":53865,"path":"media/images/Reconstructed GOMs_1011_dc6126b78a2a65f3708f.png","format":"png"},"_wandb":{"runtime":50}}