{"_runtime":293.3644139,"_step":10100,"validation/loss":3202.568427734375,"Reconstructed GOMs":{"width":1500,"height":500,"_type":"image-file","sha256":"ec702151da9a2330e5dc9562f84a5145b466ced535acb53e166969ae69469f1a","size":49905,"path":"media/images/Reconstructed GOMs_10100_ec702151da9a2330e5dc.png","format":"png"},"_wandb":{"runtime":372},"train/loss":1662.1131591796875,"_timestamp":1.740177549904312e+09}