{"_timestamp":1.740322963738718e+09,"_runtime":172.49243,"_step":5050,"validation/loss":0.46447553038597106,"Reconstructed GOMs":{"size":17991,"path":"media/images/Reconstructed GOMs_5050_8942d131ffb9508f200e.png","format":"png","width":1500,"height":500,"_type":"image-file","sha256":"8942d131ffb9508f200e2a5784d8c08aa0813cacc3bcbdb40efe12e454ad3878"},"_wandb":{"runtime":1556},"train/loss":0.2011072039604187}