{"_runtime":309.6265187,"_step":3029,"validation/loss":0.7437980055809021,"_wandb":{"runtime":313},"train/loss":0.7579212784767151,"_timestamp":1.7403201530804782e+09}