{"_wandb":{"runtime":52},"train/loss":0.7170008420944214,"_timestamp":1.7403206176741614e+09,"_runtime":36.7309239,"_step":505,"validation/loss":0.7447101378440857,"Reconstructed GOMs":{"path":"media/images/Reconstructed GOMs_505_c482b07ea4d9dba7df5e.png","format":"png","width":1500,"height":500,"_type":"image-file","sha256":"c482b07ea4d9dba7df5e39066312e706a0c14e8572ea51876da057d1651d09da","size":13955}}