{"Reconstructed GOMs":{"format":"png","width":1500,"height":500,"_type":"image-file","sha256":"920840dcaec8a72624e5fda4b220617d194f65786556f07ab7e240503410af6b","size":16397,"path":"media/images/Reconstructed GOMs_3030_920840dcaec8a72624e5.png"},"_wandb":{"runtime":133},"_runtime":103.7960142,"_step":3030,"train/loss":0.2813965380191803,"_timestamp":1.7403223959654882e+09,"validation/loss":0.3854725420475006}