{"_step":505,"validation/loss":0.49293095111846924,"Reconstructed GOMs":{"size":14507,"path":"media/images/Reconstructed GOMs_505_18aa182d905fbc276a05.png","format":"png","width":1500,"height":500,"_type":"image-file","sha256":"18aa182d905fbc276a05a83ab1e7ab54dc288726352753600f04489f6b077409"},"_wandb":{"runtime":34},"train/loss":0.4600440263748169,"_timestamp":1.7403213820707755e+09,"_runtime":13.6377745}