{"_step":3030,"validation/loss":2233.7868701171874,"Reconstructed GOMs":{"height":500,"_type":"image-file","sha256":"bd4e1d4b11705ea1edf84efe8a759d382e7f30570e3cf1adc3ce7801010be5ba","size":49938,"path":"media/images/Reconstructed GOMs_3030_bd4e1d4b11705ea1edf8.png","format":"png","width":1500},"_wandb":{"runtime":137},"train/loss":2050.949951171875,"_timestamp":1.7401778310894644e+09,"_runtime":83.7541543}