{"_timestamp":1.7403218717574987e+09,"_runtime":13.8966685,"_step":505,"validation/loss":0.5016369593143463,"Reconstructed GOMs":{"_type":"image-file","sha256":"34ef6bfe118ddf1a810a9b67f9e9ee771800cdb36351ebb8a5497f3941917227","size":15224,"path":"media/images/Reconstructed GOMs_505_34ef6bfe118ddf1a810a.png","format":"png","width":1500,"height":500},"_wandb":{"runtime":63},"train/loss":0.4736645519733429}