{"_wandb":{"runtime":37},"_step":505,"train/loss":0.4643315076828003,"_timestamp":1.740322230002461e+09,"_runtime":18.353018,"validation/loss":0.47372987508773806,"Reconstructed GOMs":{"width":1500,"height":500,"_type":"image-file","sha256":"5e0c6ba62f97ff5eaf2ce385d0e5cdae3606570cfa6a76819406b10230534aae","size":15143,"path":"media/images/Reconstructed GOMs_505_5e0c6ba62f97ff5eaf2c.png","format":"png"}}