{"_step":1010,"train/loss":949.7913818359375,"_timestamp":1.7401744666060257e+09,"_runtime":30.866994,"validation/loss":1050.2855606079102,"_wandb":{"runtime":31}}