{"Reconstructed GOMs":{"_type":"image-file","sha256":"9a971483de3a00c362f8939979948df33ed7dc05f5333cfa02d1ffab68967fd0","size":13244,"path":"media/images/Reconstructed GOMs_5050_9a971483de3a00c362f8.png","format":"png","width":1500,"height":500},"_wandb":{"runtime":205},"train/loss":0.6304987668991089,"_timestamp":1.740322718805835e+09,"_runtime":174.0735912,"_step":5050,"validation/loss":0.5993480551242828}